id,avrpu,rev_sms,rev_data,day,date
37,24,21,29,Monday,2018-09-28
31,39,66,76,Wednesday,2018-08-05
42,44,78,37,Monday,2018-08-12
84,54,50,36,Wednesday,2018-07-26
29,34,41,74,Monday,2018-10-01
70,15,74,60,Tuesday,2018-09-13
98,57,97,88,Wednesday,2018-09-14
33,86,27,72,Monday,2018-09-15
80,23,46,86,Monday,2018-10-07
3,47,41,19,Tuesday,2018-07-20
48,57,84,89,Wednesday,2018-10-04
44,6,62,93,Tuesday,2018-09-19
49,45,11,21,Monday,2018-08-17
74,85,68,2,Wednesday,2018-09-27
40,38,5,53,Wednesday,2018-10-08
40,81,4,49,Monday,2018-08-15
100,58,87,65,Wednesday,2018-09-12
3,72,18,54,Wednesday,2018-08-14
69,16,41,53,Wednesday,2018-07-31
39,8,19,56,Wednesday,2018-08-16
42,41,58,16,Monday,2018-09-17
42,86,91,78,Wednesday,2018-09-05
68,90,93,64,Wednesday,2018-08-29
81,73,4,44,Monday,2018-08-15
19,20,54,86,Tuesday,2018-09-13
79,24,5,35,Wednesday,2018-08-13
68,59,64,66,Tuesday,2018-07-28
35,99,16,54,Tuesday,2018-08-15
83,46,5,9,Tuesday,2018-09-17
98,43,38,66,Wednesday,2018-08-21
28,94,98,69,Wednesday,2018-08-20
56,75,89,77,Tuesday,2018-10-11
49,100,65,51,Wednesday,2018-07-14
58,14,5,12,Monday,2018-10-05
59,70,1,1,Tuesday,2018-08-17
5,12,93,32,Monday,2018-07-24
39,23,93,40,Wednesday,2018-07-23
10,44,71,54,Monday,2018-08-24
14,53,9,40,Tuesday,2018-08-06
69,70,68,83,Wednesday,2018-10-06
59,23,51,61,Monday,2018-09-25
27,18,7,31,Monday,2018-08-10
89,2,74,62,Tuesday,2018-07-27
25,9,95,92,Tuesday,2018-08-15
84,50,48,65,Wednesday,2018-09-29
14,88,74,38,Monday,2018-07-21
17,34,90,24,Wednesday,2018-09-21
46,87,31,61,Wednesday,2018-08-16
92,48,53,25,Monday,2018-08-03
34,90,76,59,Monday,2018-07-17
74,7,79,86,Wednesday,2018-09-01
65,40,82,4,Wednesday,2018-10-11
87,87,72,90,Monday,2018-09-28
12,91,15,59,Wednesday,2018-09-15
64,67,22,39,Wednesday,2018-08-24
8,85,5,46,Wednesday,2018-08-24
63,48,48,56,Wednesday,2018-07-28
19,37,12,60,Monday,2018-08-08
1,77,30,73,Monday,2018-10-09
14,77,42,53,Monday,2018-09-18
20,85,8,42,Tuesday,2018-09-05
87,26,35,25,Tuesday,2018-07-27
86,16,79,7,Wednesday,2018-09-20
50,39,62,46,Wednesday,2018-09-22
42,55,44,39,Tuesday,2018-07-15
17,68,93,51,Tuesday,2018-08-16
55,33,10,55,Tuesday,2018-07-29
8,93,52,78,Monday,2018-07-27
77,21,3,76,Tuesday,2018-07-30
40,66,24,27,Wednesday,2018-08-06
54,8,53,56,Tuesday,2018-09-22
1,81,53,33,Monday,2018-09-11
65,7,47,28,Monday,2018-08-22
70,5,7,83,Tuesday,2018-07-14
40,3,60,89,Wednesday,2018-09-10
57,14,9,76,Tuesday,2018-10-03
29,44,96,63,Monday,2018-09-22
18,90,73,30,Tuesday,2018-09-25
67,42,38,35,Monday,2018-09-07
61,5,20,50,Tuesday,2018-09-29
3,26,54,16,Wednesday,2018-09-26
7,49,30,39,Tuesday,2018-09-08
80,52,32,52,Tuesday,2018-09-08
41,29,5,88,Monday,2018-10-20
29,10,61,97,Tuesday,2018-08-06
79,71,51,13,Wednesday,2018-10-05
41,12,55,14,Tuesday,2018-09-12
40,45,49,87,Tuesday,2018-10-20
46,52,6,33,Tuesday,2018-07-29
89,47,100,87,Monday,2018-08-15
31,1,96,52,Monday,2018-07-31
85,16,13,54,Wednesday,2018-08-21
92,25,85,70,Monday,2018-08-18
63,34,82,33,Monday,2018-09-11
19,29,62,68,Wednesday,2018-07-30
5,66,17,69,Monday,2018-07-16
62,78,71,36,Tuesday,2018-10-02
30,7,76,62,Tuesday,2018-10-04
57,34,38,86,Tuesday,2018-09-18
88,27,30,76,Monday,2018-07-29
20,72,67,80,Monday,2018-08-25
91,82,82,29,Tuesday,2018-09-30
75,18,61,71,Tuesday,2018-10-01
35,74,74,45,Monday,2018-09-10
90,17,78,54,Monday,2018-07-28
40,17,29,36,Tuesday,2018-09-28
49,72,53,8,Wednesday,2018-10-04
94,51,29,59,Tuesday,2018-07-15
23,3,8,100,Monday,2018-08-22
92,57,51,68,Tuesday,2018-10-09
76,62,8,50,Wednesday,2018-08-19
83,98,7,1,Tuesday,2018-10-19
80,54,44,26,Monday,2018-09-23
20,59,27,67,Monday,2018-09-21
81,80,37,34,Tuesday,2018-07-30
25,96,30,14,Monday,2018-09-07
7,91,90,96,Tuesday,2018-10-12
62,54,71,86,Monday,2018-08-16
44,37,31,99,Monday,2018-08-31
65,3,65,54,Tuesday,2018-09-07
23,64,33,34,Tuesday,2018-10-13
70,97,33,23,Tuesday,2018-09-23
56,55,44,10,Wednesday,2018-09-01
78,27,16,9,Wednesday,2018-10-09
82,21,55,56,Tuesday,2018-07-24
86,45,59,5,Tuesday,2018-09-15
87,99,55,7,Wednesday,2018-10-17
77,45,64,91,Monday,2018-09-05
19,19,26,27,Tuesday,2018-09-29
79,93,56,61,Wednesday,2018-08-10
72,11,34,29,Wednesday,2018-08-22
87,76,76,6,Tuesday,2018-08-20
50,47,37,8,Tuesday,2018-10-18
97,88,98,71,Wednesday,2018-09-07
32,45,58,80,Wednesday,2018-08-23
77,56,96,76,Wednesday,2018-08-20
72,64,8,10,Wednesday,2018-08-21
48,32,26,100,Tuesday,2018-08-04
53,9,21,8,Monday,2018-10-06
35,62,54,75,Tuesday,2018-08-18
59,41,61,87,Wednesday,2018-09-07
58,52,18,79,Monday,2018-07-17
4,73,38,79,Monday,2018-10-03
69,94,63,16,Tuesday,2018-09-26
50,17,56,52,Tuesday,2018-08-28
81,100,8,45,Tuesday,2018-08-20
66,87,16,45,Tuesday,2018-09-13
16,74,85,93,Wednesday,2018-09-26
48,11,49,69,Wednesday,2018-08-06
15,92,46,92,Wednesday,2018-10-11
31,31,87,51,Wednesday,2018-09-30
64,19,86,47,Tuesday,2018-10-10
60,56,42,82,Wednesday,2018-09-14
80,60,99,75,Monday,2018-09-25
80,5,61,41,Wednesday,2018-10-07
9,52,15,74,Tuesday,2018-10-16
51,10,85,69,Tuesday,2018-09-27
61,63,81,67,Monday,2018-08-19
63,89,74,55,Tuesday,2018-09-13
52,36,70,87,Tuesday,2018-08-14
93,49,52,39,Wednesday,2018-09-06
1,37,93,65,Wednesday,2018-09-23
57,58,22,14,Wednesday,2018-08-18
12,98,68,36,Wednesday,2018-09-29
82,96,85,60,Wednesday,2018-09-20
52,80,66,3,Tuesday,2018-10-13
73,18,22,8,Wednesday,2018-10-17
89,1,56,20,Wednesday,2018-07-24
73,37,96,43,Monday,2018-10-16
5,88,81,13,Monday,2018-09-19
19,10,62,21,Wednesday,2018-10-07
49,61,29,29,Tuesday,2018-09-16
88,44,12,6,Tuesday,2018-08-29
36,65,14,1,Wednesday,2018-09-29
9,35,36,31,Tuesday,2018-08-09
54,61,47,43,Wednesday,2018-10-09
23,38,30,16,Wednesday,2018-09-30
55,52,60,70,Wednesday,2018-09-02
88,18,66,93,Wednesday,2018-10-03
48,43,51,81,Monday,2018-09-05
64,65,71,24,Wednesday,2018-07-25
91,13,46,82,Monday,2018-09-01
68,13,90,44,Tuesday,2018-10-15
34,47,61,14,Tuesday,2018-07-20
74,41,74,82,Wednesday,2018-08-04
68,58,38,17,Tuesday,2018-07-29
33,43,66,76,Monday,2018-09-11
91,41,17,38,Monday,2018-10-01
34,31,28,64,Wednesday,2018-10-17
2,85,54,17,Wednesday,2018-08-03
22,43,85,47,Monday,2018-10-06
9,8,7,85,Wednesday,2018-10-15
96,97,91,68,Tuesday,2018-10-15
1,58,31,86,Tuesday,2018-09-11
4,63,72,31,Wednesday,2018-10-02
49,28,18,88,Monday,2018-08-19
18,87,87,79,Tuesday,2018-09-23
19,21,58,1,Wednesday,2018-09-28
26,53,21,42,Monday,2018-07-27
2,76,74,88,Tuesday,2018-07-19
14,92,94,45,Monday,2018-08-11
35,13,33,16,Wednesday,2018-07-23
35,74,2,16,Monday,2018-08-16
56,19,91,82,Tuesday,2018-08-02
39,70,41,53,Wednesday,2018-08-09
46,68,86,69,Wednesday,2018-08-10
76,18,51,91,Wednesday,2018-09-12
91,71,64,92,Wednesday,2018-07-30
98,22,30,72,Tuesday,2018-10-03
86,86,45,82,Tuesday,2018-09-10
6,7,14,90,Wednesday,2018-07-19
49,47,45,30,Monday,2018-08-04
44,38,62,77,Wednesday,2018-09-10
97,41,99,29,Wednesday,2018-10-05
46,59,94,88,Wednesday,2018-09-07
62,85,2,27,Tuesday,2018-09-09
55,5,95,44,Monday,2018-10-11
72,21,60,10,Wednesday,2018-08-24
12,3,62,97,Tuesday,2018-09-09
70,88,87,31,Monday,2018-08-20
47,70,58,73,Tuesday,2018-08-08
18,42,88,72,Wednesday,2018-09-19
91,68,84,66,Monday,2018-08-07
54,99,52,39,Tuesday,2018-09-12
76,18,75,78,Tuesday,2018-09-20
59,24,51,7,Monday,2018-07-13
54,66,50,4,Wednesday,2018-09-28
50,14,40,54,Monday,2018-08-25
99,63,10,31,Tuesday,2018-08-20
87,78,16,13,Tuesday,2018-09-09
29,45,89,84,Monday,2018-08-12
93,31,46,38,Monday,2018-09-08
29,96,5,72,Tuesday,2018-09-29
53,13,96,88,Monday,2018-08-03
6,73,6,3,Monday,2018-09-14
77,37,50,40,Monday,2018-10-09
36,48,30,33,Monday,2018-09-07
99,59,26,69,Monday,2018-07-30
82,63,35,55,Wednesday,2018-09-30
88,82,47,86,Wednesday,2018-07-22
19,28,53,98,Monday,2018-09-11
79,65,39,82,Tuesday,2018-10-19
100,88,73,60,Wednesday,2018-09-02
92,17,5,8,Tuesday,2018-08-30
89,41,26,77,Wednesday,2018-08-25
52,20,98,47,Tuesday,2018-08-11
6,65,43,81,Monday,2018-09-19
64,96,45,95,Tuesday,2018-10-17
9,47,31,82,Wednesday,2018-09-27
43,13,86,97,Tuesday,2018-09-25
87,90,98,82,Wednesday,2018-08-07
1,76,30,11,Tuesday,2018-07-16
20,60,69,57,Monday,2018-09-01
98,5,72,16,Tuesday,2018-09-14
54,23,21,55,Tuesday,2018-10-13
97,98,70,48,Tuesday,2018-10-06
92,48,12,74,Monday,2018-07-16
74,18,86,88,Monday,2018-07-26
84,17,80,94,Wednesday,2018-07-31
39,42,90,88,Monday,2018-08-02
84,34,43,94,Tuesday,2018-07-20
95,99,6,51,Wednesday,2018-09-07
44,17,54,71,Wednesday,2018-07-20
20,15,74,52,Wednesday,2018-08-04
52,22,72,64,Wednesday,2018-09-13
44,92,77,93,Wednesday,2018-07-27
90,47,94,9,Wednesday,2018-08-12
78,30,31,84,Monday,2018-08-26
5,34,3,81,Tuesday,2018-07-15
90,74,51,29,Tuesday,2018-09-30
66,59,11,72,Wednesday,2018-08-04
46,97,100,99,Wednesday,2018-09-08
57,72,11,4,Monday,2018-08-15
53,54,51,51,Tuesday,2018-09-08
22,5,1,66,Tuesday,2018-10-09
97,55,59,87,Wednesday,2018-08-12
56,8,11,90,Monday,2018-09-15
56,50,78,79,Tuesday,2018-09-06
45,27,77,90,Tuesday,2018-07-29
76,22,22,20,Monday,2018-07-14
5,65,41,46,Tuesday,2018-09-01
44,34,1,12,Wednesday,2018-08-19
76,10,79,4,Wednesday,2018-07-26
1,32,88,55,Monday,2018-10-15
68,25,45,96,Monday,2018-07-21
96,13,58,30,Tuesday,2018-09-18
12,18,70,39,Tuesday,2018-08-31
57,6,43,31,Monday,2018-10-12
54,31,10,45,Wednesday,2018-09-27
6,36,2,7,Wednesday,2018-08-16
22,70,24,56,Wednesday,2018-08-04
52,2,86,6,Wednesday,2018-09-23
60,65,48,82,Monday,2018-09-07
33,75,46,22,Tuesday,2018-09-24
74,34,64,38,Tuesday,2018-10-05
92,18,52,66,Wednesday,2018-07-22
25,60,43,45,Wednesday,2018-09-11
20,49,34,20,Monday,2018-09-10
20,90,60,62,Monday,2018-08-24
60,97,89,90,Wednesday,2018-08-23
12,82,55,12,Wednesday,2018-07-17
89,25,75,20,Wednesday,2018-08-01
63,53,14,61,Wednesday,2018-08-15
7,95,68,62,Wednesday,2018-10-07
79,64,15,8,Wednesday,2018-10-18
88,82,65,89,Wednesday,2018-10-08
4,69,3,43,Wednesday,2018-08-06
76,3,96,16,Wednesday,2018-09-03
18,89,82,81,Wednesday,2018-09-26
20,8,48,7,Tuesday,2018-08-04
85,62,23,10,Monday,2018-08-06
10,21,34,47,Monday,2018-09-20
13,18,50,54,Monday,2018-09-01
77,70,28,47,Wednesday,2018-10-08
16,23,21,14,Monday,2018-07-28
54,47,67,49,Monday,2018-09-26
8,32,77,38,Tuesday,2018-08-15
18,15,8,12,Wednesday,2018-07-27
63,42,15,50,Monday,2018-08-19
79,93,54,96,Monday,2018-09-16
79,28,100,1,Tuesday,2018-08-21
66,36,74,87,Monday,2018-09-18
75,4,34,33,Monday,2018-07-19
60,94,21,58,Tuesday,2018-07-28
64,29,93,43,Tuesday,2018-09-23
66,2,50,39,Monday,2018-09-17
38,69,72,49,Tuesday,2018-08-10
79,74,79,89,Tuesday,2018-10-17
59,41,15,91,Tuesday,2018-10-15
66,70,82,59,Tuesday,2018-08-22
63,50,84,57,Wednesday,2018-10-18
93,91,98,16,Monday,2018-09-30
74,2,64,65,Tuesday,2018-10-02
55,97,22,55,Wednesday,2018-08-02
59,9,85,10,Wednesday,2018-10-03
33,28,51,16,Wednesday,2018-07-15
3,80,53,3,Tuesday,2018-08-13
4,65,77,12,Wednesday,2018-07-25
60,49,35,90,Wednesday,2018-07-19
47,83,27,79,Tuesday,2018-10-06
61,35,98,10,Wednesday,2018-08-29
76,8,92,85,Monday,2018-10-16
88,36,79,44,Tuesday,2018-08-06
14,54,67,12,Tuesday,2018-07-30
28,95,44,23,Monday,2018-07-27
52,50,35,78,Monday,2018-08-13
32,26,97,79,Monday,2018-09-28
84,44,95,34,Monday,2018-08-07
91,37,67,90,Monday,2018-08-08
31,81,95,30,Monday,2018-09-01
9,75,11,78,Monday,2018-09-27
70,6,67,15,Tuesday,2018-09-28
6,5,71,39,Monday,2018-07-19
9,40,30,12,Wednesday,2018-09-23
58,47,13,99,Wednesday,2018-10-05
17,35,92,20,Wednesday,2018-07-21
5,14,87,66,Wednesday,2018-07-22
72,54,96,96,Wednesday,2018-09-07
86,73,42,100,Tuesday,2018-10-14
17,69,20,84,Tuesday,2018-08-25
13,84,59,69,Monday,2018-09-07
77,30,81,29,Wednesday,2018-07-23
50,5,40,31,Wednesday,2018-10-15
86,84,16,100,Monday,2018-09-26
81,24,17,69,Wednesday,2018-07-15
83,36,13,75,Monday,2018-09-24
42,64,2,65,Wednesday,2018-07-30
85,50,71,37,Tuesday,2018-07-19
100,50,43,67,Tuesday,2018-08-06
92,29,44,53,Wednesday,2018-09-13
36,33,68,72,Tuesday,2018-09-07
30,56,48,30,Tuesday,2018-08-13
20,83,95,89,Monday,2018-07-13
53,83,73,84,Wednesday,2018-08-15
73,11,36,71,Monday,2018-07-20
91,51,20,35,Wednesday,2018-10-14
93,2,25,74,Wednesday,2018-08-14
62,60,28,11,Monday,2018-09-08
75,27,40,84,Tuesday,2018-09-10
85,37,26,98,Wednesday,2018-09-07
8,77,13,26,Wednesday,2018-08-13
84,30,33,25,Tuesday,2018-09-09
85,59,91,1,Monday,2018-10-05
62,21,100,56,Monday,2018-08-28
10,83,2,63,Wednesday,2018-08-02
9,48,59,29,Wednesday,2018-07-29
48,49,3,73,Wednesday,2018-10-20
1,71,75,30,Tuesday,2018-10-19
31,47,15,39,Wednesday,2018-08-09
39,47,100,51,Wednesday,2018-10-16
72,67,21,1,Tuesday,2018-10-14
80,92,94,47,Monday,2018-08-17
76,17,24,18,Monday,2018-07-31
100,14,87,43,Wednesday,2018-08-31
100,41,34,56,Monday,2018-09-02
47,60,87,44,Tuesday,2018-09-15
33,12,44,29,Wednesday,2018-08-02
93,80,4,23,Tuesday,2018-08-26
31,49,14,23,Wednesday,2018-08-26
62,14,28,10,Wednesday,2018-08-25
67,2,46,18,Monday,2018-10-04
48,86,45,95,Monday,2018-09-14
27,91,30,38,Wednesday,2018-09-11
40,49,28,17,Monday,2018-08-25
57,66,66,94,Monday,2018-07-14
50,23,77,1,Monday,2018-09-12
66,37,99,96,Tuesday,2018-09-30
58,33,91,26,Tuesday,2018-10-14
56,56,37,26,Monday,2018-08-11
47,5,43,100,Tuesday,2018-10-01
40,72,83,66,Wednesday,2018-07-23
52,23,28,70,Wednesday,2018-08-22
42,99,44,4,Monday,2018-07-31
84,99,94,68,Wednesday,2018-08-29
61,11,97,83,Wednesday,2018-09-15
13,19,75,5,Wednesday,2018-09-26
1,71,77,12,Wednesday,2018-09-12
74,90,28,14,Monday,2018-08-30
46,6,11,99,Tuesday,2018-09-08
37,100,15,23,Monday,2018-08-28
42,3,9,48,Wednesday,2018-08-22
72,31,10,29,Tuesday,2018-10-11
40,11,27,67,Tuesday,2018-10-11
44,90,78,64,Wednesday,2018-07-20
22,84,45,32,Monday,2018-09-02
15,87,3,31,Monday,2018-09-16
100,93,70,68,Wednesday,2018-08-30
87,1,93,43,Tuesday,2018-09-24
75,51,36,100,Wednesday,2018-10-10
16,74,13,77,Wednesday,2018-09-14
5,38,79,13,Tuesday,2018-07-20
55,97,73,75,Wednesday,2018-09-05
5,81,31,79,Monday,2018-07-21
61,3,94,17,Wednesday,2018-10-11
31,28,65,74,Monday,2018-10-14
92,18,98,53,Tuesday,2018-08-12
84,47,25,58,Wednesday,2018-10-16
7,69,97,46,Monday,2018-10-18
33,3,39,29,Monday,2018-07-14
97,80,90,96,Monday,2018-10-10
49,99,86,79,Tuesday,2018-08-31
70,9,75,61,Monday,2018-07-27
60,70,21,23,Tuesday,2018-07-31
91,61,36,48,Monday,2018-08-06
61,62,33,32,Tuesday,2018-08-14
24,69,64,65,Tuesday,2018-10-05
25,54,16,88,Tuesday,2018-08-17
47,50,39,60,Tuesday,2018-09-04
57,32,75,46,Monday,2018-07-31
84,24,3,83,Wednesday,2018-08-24
73,94,55,82,Tuesday,2018-08-15
100,66,67,2,Tuesday,2018-09-23
82,16,78,86,Tuesday,2018-07-13
55,63,73,91,Wednesday,2018-07-28
7,22,39,54,Wednesday,2018-09-24
48,74,38,72,Tuesday,2018-10-04
82,95,49,34,Monday,2018-07-13
97,26,26,7,Wednesday,2018-09-20
8,32,79,70,Tuesday,2018-08-18
89,8,89,28,Wednesday,2018-09-28
95,70,16,61,Monday,2018-08-13
69,83,75,87,Monday,2018-09-21
21,5,40,81,Monday,2018-09-17
99,77,11,34,Monday,2018-09-09
14,33,83,72,Wednesday,2018-07-28
60,30,63,33,Monday,2018-08-27
96,49,38,87,Monday,2018-09-05
15,4,63,5,Tuesday,2018-09-15
85,98,20,49,Monday,2018-08-14
71,66,54,20,Monday,2018-08-05
99,67,37,54,Wednesday,2018-08-17
25,82,71,74,Tuesday,2018-08-23
14,73,74,1,Tuesday,2018-08-01
67,75,49,21,Wednesday,2018-10-17
90,6,53,7,Wednesday,2018-07-13
45,96,72,58,Monday,2018-08-18
29,28,7,17,Wednesday,2018-08-22
100,90,2,20,Tuesday,2018-07-31
86,98,57,5,Monday,2018-08-04
77,25,84,49,Monday,2018-10-03
28,65,80,38,Monday,2018-07-21
97,6,97,35,Monday,2018-10-09
74,44,42,29,Tuesday,2018-08-28
48,40,94,51,Monday,2018-08-12
78,76,46,38,Wednesday,2018-08-03
73,70,39,44,Tuesday,2018-08-21
96,10,22,59,Tuesday,2018-09-29
92,88,32,17,Wednesday,2018-10-19
1,50,29,54,Tuesday,2018-08-12
15,73,84,16,Tuesday,2018-09-14
84,53,26,3,Wednesday,2018-09-19
9,39,62,56,Monday,2018-10-16
11,5,58,58,Wednesday,2018-09-21
93,82,75,26,Monday,2018-10-18
68,65,27,51,Wednesday,2018-09-15
29,4,78,28,Wednesday,2018-08-18
80,67,3,11,Monday,2018-10-12
39,54,39,43,Tuesday,2018-07-14
59,4,18,35,Monday,2018-08-29
57,92,85,75,Wednesday,2018-10-01
53,3,63,46,Monday,2018-07-19
56,54,58,69,Wednesday,2018-08-26
37,55,19,38,Monday,2018-07-25
27,62,25,23,Monday,2018-07-19
96,82,10,7,Monday,2018-09-07
57,58,29,97,Monday,2018-09-08
75,54,75,56,Wednesday,2018-10-05
30,34,51,20,Monday,2018-10-08
18,19,50,24,Monday,2018-08-30
5,18,59,74,Wednesday,2018-09-19
51,25,58,23,Tuesday,2018-09-16
21,94,53,11,Wednesday,2018-10-03
50,21,44,58,Monday,2018-09-27
20,79,35,22,Tuesday,2018-10-08
100,39,32,36,Tuesday,2018-07-19
20,33,71,18,Tuesday,2018-08-17
3,59,64,80,Wednesday,2018-10-20
14,5,66,74,Wednesday,2018-09-30
72,49,94,69,Tuesday,2018-09-03
35,48,59,98,Monday,2018-09-07
94,13,87,91,Tuesday,2018-10-11
73,68,67,69,Tuesday,2018-07-31
84,33,70,67,Wednesday,2018-09-15
70,26,71,100,Wednesday,2018-09-02
45,95,23,58,Tuesday,2018-08-03
96,52,89,76,Tuesday,2018-10-01
69,54,67,52,Tuesday,2018-08-04
70,69,10,36,Tuesday,2018-08-11
86,48,40,45,Wednesday,2018-09-23
85,70,11,45,Monday,2018-10-01
66,93,45,82,Tuesday,2018-09-07
1,44,12,58,Wednesday,2018-09-25
94,70,7,83,Wednesday,2018-10-01
64,23,37,38,Tuesday,2018-09-20
11,97,73,46,Monday,2018-08-29
1,37,50,88,Monday,2018-09-29
49,98,32,35,Wednesday,2018-09-27
19,23,53,48,Monday,2018-10-16
41,38,54,56,Monday,2018-08-27
92,36,17,74,Monday,2018-09-14
11,1,13,68,Tuesday,2018-10-11
16,30,86,94,Wednesday,2018-10-11
42,3,48,12,Monday,2018-10-04
79,100,67,44,Monday,2018-09-12
61,49,22,78,Monday,2018-07-15
78,31,46,22,Tuesday,2018-07-14
82,50,44,84,Wednesday,2018-10-15
40,14,16,21,Monday,2018-08-06
2,64,83,71,Tuesday,2018-08-01
90,18,22,34,Monday,2018-07-14
61,84,86,68,Monday,2018-09-03
23,61,69,94,Wednesday,2018-07-13
47,27,57,75,Monday,2018-09-23
65,37,56,8,Wednesday,2018-09-26
36,94,2,39,Tuesday,2018-07-17
16,64,24,99,Wednesday,2018-10-02
1,71,59,41,Monday,2018-07-29
85,66,89,28,Tuesday,2018-09-05
97,95,64,9,Monday,2018-10-02
75,71,56,65,Tuesday,2018-07-17
20,35,94,45,Tuesday,2018-08-08
71,6,64,94,Tuesday,2018-07-22
7,87,39,37,Tuesday,2018-08-02
15,87,44,49,Tuesday,2018-08-04
83,43,25,35,Tuesday,2018-08-06
63,26,17,67,Tuesday,2018-07-24
89,80,25,64,Tuesday,2018-09-28
20,17,95,74,Wednesday,2018-09-12
4,63,71,38,Wednesday,2018-10-19
76,82,89,12,Monday,2018-10-20
43,87,82,12,Monday,2018-09-06
40,75,22,66,Monday,2018-07-16
59,17,2,76,Monday,2018-08-03
29,62,69,6,Wednesday,2018-08-30
37,87,40,63,Monday,2018-09-30
95,77,77,28,Monday,2018-09-07
61,70,14,46,Tuesday,2018-09-25
94,1,10,100,Monday,2018-09-18
77,43,26,18,Monday,2018-09-15
79,68,30,18,Monday,2018-09-29
39,86,31,62,Monday,2018-07-24
70,1,84,88,Tuesday,2018-09-03
69,38,80,61,Tuesday,2018-09-25
65,14,2,14,Monday,2018-10-20
92,2,15,89,Wednesday,2018-10-18
33,12,34,58,Wednesday,2018-10-08
25,5,78,56,Monday,2018-07-19
17,17,5,68,Monday,2018-09-08
54,75,77,86,Tuesday,2018-09-18
88,4,49,47,Monday,2018-10-18
38,42,60,96,Tuesday,2018-07-25
60,44,2,21,Tuesday,2018-08-06
96,11,33,96,Wednesday,2018-09-22
56,34,57,77,Monday,2018-09-07
98,67,26,76,Tuesday,2018-08-07
33,63,80,83,Monday,2018-08-14
50,65,56,95,Tuesday,2018-07-25
46,10,53,64,Monday,2018-08-11
78,48,96,8,Wednesday,2018-09-09
28,18,70,54,Wednesday,2018-10-03
1,74,31,84,Wednesday,2018-10-09
14,55,70,41,Monday,2018-08-19
23,79,94,41,Monday,2018-10-02
99,85,53,25,Tuesday,2018-08-02
62,4,75,23,Tuesday,2018-10-03
24,83,65,32,Monday,2018-09-17
62,73,74,56,Monday,2018-08-15
33,70,99,24,Wednesday,2018-07-19
3,64,94,3,Tuesday,2018-08-22
48,31,82,41,Tuesday,2018-09-05
98,89,12,41,Wednesday,2018-09-29
95,22,70,99,Tuesday,2018-09-03
59,81,97,46,Tuesday,2018-09-22
44,15,14,51,Monday,2018-07-20
73,15,85,42,Tuesday,2018-07-13
57,88,68,73,Monday,2018-07-27
35,19,27,77,Monday,2018-08-17
89,8,17,20,Tuesday,2018-09-09
52,3,54,89,Wednesday,2018-10-03
70,4,31,44,Tuesday,2018-07-29
82,79,81,29,Monday,2018-09-14
21,85,55,94,Monday,2018-08-10
69,87,16,24,Wednesday,2018-10-15
1,98,86,45,Monday,2018-08-14
93,64,19,4,Monday,2018-07-26
96,93,72,9,Wednesday,2018-09-21
42,4,26,43,Monday,2018-08-22
81,73,70,3,Tuesday,2018-07-18
20,62,32,98,Tuesday,2018-10-18
93,29,83,56,Wednesday,2018-08-19
86,52,45,22,Wednesday,2018-09-15
7,65,18,36,Monday,2018-09-07
39,36,30,91,Wednesday,2018-08-03
45,47,27,22,Tuesday,2018-09-27
31,55,58,81,Wednesday,2018-07-17
56,85,1,38,Monday,2018-09-14
49,100,54,41,Monday,2018-10-03
23,49,85,44,Tuesday,2018-08-31
92,10,60,77,Monday,2018-08-08
1,50,38,82,Wednesday,2018-07-20
54,48,40,34,Monday,2018-10-11
76,91,76,45,Tuesday,2018-10-08
24,67,90,35,Wednesday,2018-07-21
17,81,43,7,Tuesday,2018-07-27
8,31,1,93,Tuesday,2018-09-10
3,47,87,67,Tuesday,2018-09-19
89,26,10,21,Tuesday,2018-07-14
21,49,66,97,Monday,2018-09-22
16,25,14,79,Monday,2018-09-13
71,93,98,79,Tuesday,2018-09-09
29,41,65,100,Tuesday,2018-08-03
26,53,40,40,Wednesday,2018-08-11
46,29,31,1,Monday,2018-09-17
85,70,84,28,Tuesday,2018-10-14
22,52,1,39,Tuesday,2018-07-21
67,27,81,35,Monday,2018-09-12
75,14,58,85,Wednesday,2018-07-21
18,7,74,41,Wednesday,2018-08-18
92,22,70,86,Monday,2018-09-16
42,7,88,55,Monday,2018-08-02
78,37,99,46,Wednesday,2018-10-10
55,76,73,17,Monday,2018-10-09
59,39,83,53,Wednesday,2018-09-22
38,11,29,65,Wednesday,2018-08-18
6,54,78,22,Monday,2018-07-22
90,49,27,88,Monday,2018-09-29
63,41,83,22,Tuesday,2018-08-11
75,81,17,55,Wednesday,2018-07-13
2,13,64,72,Wednesday,2018-08-26
7,21,36,84,Tuesday,2018-07-28
31,66,11,67,Tuesday,2018-08-15
27,2,28,68,Monday,2018-08-18
12,41,25,27,Tuesday,2018-07-13
42,11,31,28,Wednesday,2018-08-20
76,87,9,12,Tuesday,2018-09-13
20,19,50,39,Monday,2018-09-29
38,58,89,23,Monday,2018-08-18
78,81,22,54,Monday,2018-07-23
59,45,31,15,Tuesday,2018-09-16
45,1,68,45,Tuesday,2018-08-16
89,23,13,33,Wednesday,2018-08-30
66,17,59,99,Wednesday,2018-10-06
29,38,20,61,Wednesday,2018-07-14
25,71,23,54,Tuesday,2018-10-18
92,13,56,51,Monday,2018-09-20
21,80,3,60,Wednesday,2018-07-23
39,5,39,37,Monday,2018-07-20
20,32,35,16,Tuesday,2018-09-24
74,25,45,33,Tuesday,2018-09-23
76,79,79,90,Monday,2018-09-23
15,40,74,15,Monday,2018-10-15
54,35,4,57,Monday,2018-08-20
24,39,60,20,Wednesday,2018-09-19
10,92,92,80,Monday,2018-08-01
45,68,20,87,Wednesday,2018-09-30
96,35,42,25,Tuesday,2018-07-16
2,55,7,53,Tuesday,2018-08-24
52,57,47,96,Wednesday,2018-09-17
20,99,11,48,Tuesday,2018-09-21
59,19,31,99,Wednesday,2018-09-12
50,73,34,3,Monday,2018-07-30
62,69,9,52,Wednesday,2018-09-01
43,94,13,99,Wednesday,2018-07-18
68,47,16,9,Tuesday,2018-07-22
52,81,63,26,Wednesday,2018-10-19
3,22,17,100,Wednesday,2018-07-23
83,24,62,78,Wednesday,2018-08-14
11,3,1,37,Monday,2018-07-21
47,95,11,10,Monday,2018-07-22
99,45,56,82,Wednesday,2018-07-23
36,70,35,21,Monday,2018-07-15
28,57,41,77,Monday,2018-09-10
29,42,37,46,Wednesday,2018-07-21
68,59,12,55,Monday,2018-07-31
39,83,9,52,Tuesday,2018-09-13
5,44,19,32,Monday,2018-08-04
73,1,65,35,Monday,2018-08-09
56,42,91,36,Monday,2018-10-05
76,10,23,80,Monday,2018-10-19
13,81,47,15,Wednesday,2018-09-11
6,56,75,75,Monday,2018-10-07
65,51,98,11,Tuesday,2018-09-24
43,97,49,33,Wednesday,2018-09-20
80,6,82,49,Wednesday,2018-08-21
61,8,82,36,Wednesday,2018-07-13
26,7,68,67,Tuesday,2018-08-31
44,19,60,39,Wednesday,2018-08-24
24,70,75,16,Tuesday,2018-09-08
54,27,43,1,Tuesday,2018-08-16
81,55,87,62,Monday,2018-08-11
3,53,51,53,Monday,2018-07-16
25,10,42,28,Tuesday,2018-09-19
79,39,37,6,Monday,2018-10-05
86,33,75,7,Tuesday,2018-09-16
79,84,10,57,Monday,2018-07-17
50,39,58,36,Tuesday,2018-08-14
74,9,64,48,Wednesday,2018-09-17
96,63,57,7,Tuesday,2018-09-25
12,30,9,63,Tuesday,2018-07-17
53,59,24,54,Tuesday,2018-09-30
11,92,79,34,Tuesday,2018-08-24
99,55,26,79,Tuesday,2018-09-22
55,17,85,96,Monday,2018-10-18
37,71,1,90,Wednesday,2018-08-22
92,100,13,40,Tuesday,2018-08-25
26,57,34,14,Monday,2018-08-17
100,43,15,5,Monday,2018-07-29
87,42,28,23,Tuesday,2018-10-02
43,24,79,79,Wednesday,2018-07-19
46,30,30,40,Monday,2018-08-18
69,39,84,16,Wednesday,2018-09-30
81,5,7,75,Monday,2018-09-27
80,55,57,56,Wednesday,2018-09-13
54,53,35,35,Tuesday,2018-08-31
71,84,82,85,Tuesday,2018-09-10
69,40,94,17,Tuesday,2018-10-16
66,45,32,44,Monday,2018-07-28
60,11,28,95,Tuesday,2018-09-18
100,100,20,10,Wednesday,2018-09-20
90,83,29,46,Wednesday,2018-09-26
23,45,39,62,Tuesday,2018-07-19
57,47,66,56,Monday,2018-09-11
36,81,54,10,Wednesday,2018-08-26
51,93,90,91,Wednesday,2018-09-02
57,70,63,39,Wednesday,2018-09-24
74,92,24,62,Tuesday,2018-08-09
22,75,67,52,Wednesday,2018-09-29
85,41,99,45,Wednesday,2018-10-11
17,21,85,33,Wednesday,2018-09-20
51,99,97,99,Wednesday,2018-09-24
83,69,74,13,Tuesday,2018-07-16
98,84,44,44,Tuesday,2018-09-25
62,9,11,78,Wednesday,2018-09-21
21,97,15,22,Monday,2018-07-24
30,5,57,24,Monday,2018-08-08
86,91,94,45,Monday,2018-08-13
98,99,21,50,Tuesday,2018-09-02
94,97,3,56,Wednesday,2018-10-09
31,37,45,81,Monday,2018-10-05
89,7,2,7,Wednesday,2018-10-20
89,19,51,89,Tuesday,2018-09-02
14,49,1,62,Wednesday,2018-08-01
86,76,27,75,Wednesday,2018-09-07
27,51,57,45,Monday,2018-10-12
11,42,57,25,Tuesday,2018-07-13
23,42,4,51,Tuesday,2018-10-01
95,27,39,26,Monday,2018-10-04
36,1,16,21,Wednesday,2018-08-04
54,62,21,16,Wednesday,2018-09-01
55,60,28,66,Wednesday,2018-07-17
7,2,81,18,Tuesday,2018-08-09
7,95,33,62,Monday,2018-09-13
34,45,50,31,Tuesday,2018-09-21
54,28,47,87,Wednesday,2018-10-11
85,27,48,2,Tuesday,2018-10-19
6,13,69,55,Monday,2018-08-24
31,38,23,73,Tuesday,2018-08-07
18,34,80,79,Tuesday,2018-09-04
96,45,37,56,Wednesday,2018-09-08
26,90,11,79,Wednesday,2018-07-20
2,67,33,2,Tuesday,2018-10-08
4,27,51,40,Wednesday,2018-10-18
40,86,80,57,Wednesday,2018-08-19
89,76,83,30,Tuesday,2018-07-17
5,82,5,33,Monday,2018-07-15
86,75,7,18,Monday,2018-09-20
38,23,50,88,Wednesday,2018-10-02
65,39,4,19,Monday,2018-09-05
75,66,76,38,Tuesday,2018-10-06
88,95,22,64,Wednesday,2018-08-28
16,48,21,11,Tuesday,2018-08-20
67,55,64,68,Wednesday,2018-08-19
24,86,84,45,Wednesday,2018-10-11
36,45,41,68,Wednesday,2018-07-26
7,67,1,12,Tuesday,2018-08-08
16,91,52,81,Tuesday,2018-09-16
45,58,80,83,Monday,2018-09-18
42,16,90,63,Monday,2018-08-11
29,16,39,1,Wednesday,2018-08-27
86,3,23,43,Wednesday,2018-07-17
62,40,9,43,Monday,2018-08-02
56,11,40,68,Monday,2018-08-01
39,45,15,15,Monday,2018-10-18
42,35,15,79,Monday,2018-07-17
64,65,6,54,Wednesday,2018-10-07
51,89,87,67,Wednesday,2018-09-13
8,24,57,57,Wednesday,2018-09-15
53,44,32,11,Wednesday,2018-09-24
22,63,79,90,Tuesday,2018-07-20
7,88,23,11,Monday,2018-08-19
43,90,4,15,Wednesday,2018-08-29
75,12,68,20,Tuesday,2018-09-25
85,96,84,57,Monday,2018-09-21
44,64,96,11,Monday,2018-09-17
89,5,14,91,Tuesday,2018-08-17
35,57,77,73,Tuesday,2018-09-01
79,30,65,49,Monday,2018-08-31
23,47,27,51,Tuesday,2018-08-04
29,80,69,62,Tuesday,2018-10-15
8,64,80,36,Tuesday,2018-09-21
56,65,2,5,Monday,2018-08-30
58,93,43,55,Monday,2018-10-09
8,95,8,7,Monday,2018-08-14
75,81,64,14,Monday,2018-08-01
29,89,87,23,Monday,2018-09-06
3,58,5,80,Tuesday,2018-07-14
31,51,67,76,Monday,2018-10-16
75,26,79,67,Tuesday,2018-09-04
94,10,50,89,Tuesday,2018-08-08
72,30,13,33,Monday,2018-09-22
69,88,6,56,Wednesday,2018-07-18
2,87,64,89,Wednesday,2018-08-04
7,9,28,80,Tuesday,2018-09-03
100,83,18,50,Wednesday,2018-08-09
47,21,36,86,Monday,2018-10-16
8,52,25,24,Tuesday,2018-07-28
32,94,54,21,Monday,2018-07-28
38,54,52,50,Tuesday,2018-09-09
55,52,89,61,Wednesday,2018-09-08
49,92,57,72,Wednesday,2018-09-09
70,80,57,47,Monday,2018-09-23
11,60,91,23,Wednesday,2018-07-22
60,75,58,46,Wednesday,2018-08-31
4,12,9,23,Monday,2018-10-08
26,21,64,84,Tuesday,2018-09-02
50,69,17,27,Monday,2018-08-09
50,85,55,2,Tuesday,2018-07-13
42,46,66,42,Wednesday,2018-08-06
78,8,77,11,Tuesday,2018-08-31
77,87,54,84,Monday,2018-09-10
62,40,85,77,Monday,2018-07-24
3,76,75,7,Wednesday,2018-10-06
94,64,5,18,Monday,2018-07-28
77,49,90,11,Wednesday,2018-08-09
47,16,81,63,Wednesday,2018-07-26
10,57,13,35,Wednesday,2018-10-12
86,61,70,68,Monday,2018-08-22
8,50,50,13,Monday,2018-07-27
91,17,3,35,Wednesday,2018-07-31
26,2,68,19,Tuesday,2018-09-23
63,57,37,68,Wednesday,2018-09-06
88,26,52,88,Tuesday,2018-10-09
97,99,63,58,Wednesday,2018-10-17
21,79,29,34,Monday,2018-08-12
14,63,63,5,Monday,2018-09-18
62,26,9,99,Tuesday,2018-10-10
67,73,74,7,Tuesday,2018-09-10
27,66,33,92,Monday,2018-10-14
10,61,54,87,Wednesday,2018-09-30
60,44,22,7,Tuesday,2018-08-29
67,3,56,20,Wednesday,2018-08-21
79,93,5,11,Monday,2018-07-15
4,67,60,32,Wednesday,2018-10-02
94,65,72,59,Wednesday,2018-08-12
8,12,68,99,Wednesday,2018-08-05
9,50,44,93,Monday,2018-10-12
92,68,26,88,Wednesday,2018-08-11
57,38,39,11,Monday,2018-07-31
49,45,10,91,Monday,2018-08-22
99,5,21,94,Tuesday,2018-07-28
4,54,16,22,Monday,2018-09-17
20,24,4,59,Monday,2018-09-19
91,17,83,23,Wednesday,2018-08-15
3,69,53,13,Wednesday,2018-10-18
46,58,89,77,Tuesday,2018-08-17
42,9,48,32,Wednesday,2018-09-09
87,83,99,38,Monday,2018-08-11
75,73,11,60,Wednesday,2018-08-07
49,72,19,15,Monday,2018-07-31
82,32,88,47,Tuesday,2018-07-18
20,12,79,40,Monday,2018-07-13
49,31,50,94,Wednesday,2018-09-05
37,11,81,49,Tuesday,2018-08-07
13,80,4,64,Wednesday,2018-08-18
72,20,52,22,Wednesday,2018-07-15
18,40,27,35,Wednesday,2018-07-23
10,75,13,47,Monday,2018-08-20
55,90,24,56,Tuesday,2018-07-30
33,77,34,10,Tuesday,2018-09-22
57,75,32,90,Monday,2018-08-15
65,40,95,58,Wednesday,2018-09-25
31,55,85,66,Wednesday,2018-07-16
13,51,30,64,Monday,2018-09-20
100,17,15,14,Tuesday,2018-09-29
27,48,26,88,Tuesday,2018-09-18
3,37,60,79,Monday,2018-09-18
77,92,62,10,Monday,2018-08-07
56,85,61,69,Monday,2018-08-13
8,98,71,35,Monday,2018-07-30
18,21,52,80,Monday,2018-08-02
62,58,20,20,Wednesday,2018-08-31
64,97,54,83,Tuesday,2018-09-04
72,38,81,2,Monday,2018-09-21
55,26,32,29,Wednesday,2018-10-06
94,70,63,76,Tuesday,2018-09-21
41,88,4,49,Tuesday,2018-09-25
11,70,88,60,Monday,2018-09-08
66,78,7,58,Tuesday,2018-08-31
65,4,13,26,Wednesday,2018-08-15
72,83,73,31,Wednesday,2018-10-15
41,22,26,95,Monday,2018-08-03
53,58,22,6,Tuesday,2018-07-29
52,41,75,35,Wednesday,2018-08-20
58,58,92,43,Tuesday,2018-08-15
80,28,50,2,Tuesday,2018-08-03
9,3,60,33,Tuesday,2018-09-08
17,84,8,34,Monday,2018-07-30
66,71,88,39,Tuesday,2018-08-01
13,5,31,53,Wednesday,2018-10-01
99,9,61,92,Tuesday,2018-08-13
85,46,84,66,Wednesday,2018-10-18
2,39,68,34,Wednesday,2018-08-25
79,57,72,6,Tuesday,2018-07-14
91,5,82,39,Tuesday,2018-09-17
10,75,55,95,Monday,2018-07-26
37,89,31,52,Wednesday,2018-09-16
67,22,36,10,Tuesday,2018-08-13
32,60,10,90,Tuesday,2018-07-15
27,59,63,65,Monday,2018-09-01
6,87,31,17,Monday,2018-07-27
91,64,67,37,Wednesday,2018-08-26
72,30,24,60,Tuesday,2018-08-08
56,91,99,32,Tuesday,2018-09-05
24,78,12,20,Wednesday,2018-08-09
22,10,94,5,Wednesday,2018-10-15
31,84,84,2,Wednesday,2018-07-14
12,92,76,93,Monday,2018-09-18
46,57,33,42,Wednesday,2018-07-23
43,99,83,16,Monday,2018-07-31
42,40,46,28,Wednesday,2018-10-16
90,2,33,44,Tuesday,2018-09-04
8,36,71,5,Tuesday,2018-08-29
54,94,11,57,Tuesday,2018-07-18
21,94,37,12,Monday,2018-10-01
37,46,86,98,Tuesday,2018-10-18
58,55,13,9,Tuesday,2018-09-26
6,77,10,7,Wednesday,2018-08-06
55,37,87,26,Monday,2018-08-16
72,84,34,62,Tuesday,2018-08-23
65,84,14,44,Tuesday,2018-08-31
62,44,64,39,Monday,2018-09-06
46,39,94,71,Tuesday,2018-08-19
76,98,64,43,Monday,2018-09-06
23,49,95,35,Monday,2018-08-01
1,26,90,99,Wednesday,2018-09-04
29,45,55,10,Monday,2018-09-17
90,95,77,9,Wednesday,2018-07-23
81,46,73,55,Monday,2018-08-09
48,36,74,63,Tuesday,2018-08-15
89,51,39,36,Tuesday,2018-08-14
22,45,50,80,Tuesday,2018-07-17
77,9,90,71,Tuesday,2018-08-16
32,67,87,44,Wednesday,2018-08-06
79,9,88,18,Tuesday,2018-09-07
21,62,74,13,Monday,2018-09-01
47,29,19,96,Monday,2018-08-11
80,12,26,6,Wednesday,2018-08-31
23,60,82,48,Tuesday,2018-08-09
53,69,84,84,Tuesday,2018-09-16
47,76,21,98,Monday,2018-08-05
